{
	"IcoMoonType": "selection",
	"icons": [
		{
			"icon": {
				"paths": [
					"M493.014 589.674l-361.6 361.58c-7.68 7.68-12.374 18.346-12.374 30.080 0 23.466 18.986 42.666 42.666 42.666 6.186 0 11.946-1.302 17.28-3.626 0 0 602.454-261.12 609.302-264.342 14.058-6.378 24.96-18.752 29.226-34.134l97.494-351.36 19.626 19.414c20.458 20.48 53.546 20.48 74.006 0 20.502-20.48 20.502-53.568 0-74.026l-300.608-300.566c-20.458-20.48-53.546-20.48-74.006 0-20.502 20.48-20.502 53.568 0 74.026l19.414 19.414-352 97.92c-15.36 4.502-27.734 15.574-34.134 30.080l-263.892 608.874c-2.134 5.1-3.414 10.668-3.414 16.62 0 23.68 19.2 42.666 42.666 42.666 12.16 0 23.040-4.906 30.72-12.992l360.96-360.96c-4.906-12.608-7.68-26.048-7.68-40.342 0-58.88 47.786-106.666 106.666-106.666s106.666 47.786 106.666 106.666-47.786 106.666-106.666 106.666c-14.292 0.002-27.732-2.772-40.318-7.658z"
				],
				"attrs": [],
				"isMulticolor": false,
				"tags": [
					"pen",
					"write",
					"blog",
					"edit"
				],
				"grid": 48
			},
			"attrs": [],
			"properties": {
				"id": 85,
				"order": 3,
				"name": "lapiz",
				"prevSize": 48,
				"code": 58880
			},
			"setIdx": 0,
			"iconIdx": 85
		},
		{
			"icon": {
				"paths": [
					"M512 21.334c-19.008 0-34.774 12.8-39.68 30.294l-100.694 311.038h-330.666c-22.826 0-40.96 19.862-40.96 42.88 0 14.080 7.040 26.666 17.706 34.154 6.614 4.48 267.094 194.774 267.094 194.774s-100.032 307.2-101.974 312.106c-1.492 4.46-2.56 9.388-2.56 14.486 0 23.040 18.538 41.6 41.366 41.6 8.746 0 16.854-2.774 23.68-7.466l266.688-194.134c0 0 260.694 189.866 266.666 194.154 6.806 4.694 14.934 7.466 23.658 7.466 22.826 0 41.386-18.774 41.386-41.6 0-5.098-1.066-10.026-2.56-14.506-1.92-4.886-101.952-312.106-101.952-312.106s260.458-190.294 267.094-194.774c10.668-7.486 17.708-20.074 17.708-34.366 0-22.806-17.706-42.666-40.534-42.666l-330.666-0.002-101.12-311.040c-4.906-17.492-20.694-30.292-39.68-30.292z"
				],
				"attrs": [],
				"isMulticolor": false,
				"tags": [
					"star",
					"rate"
				],
				"grid": 48
			},
			"attrs": [],
			"properties": {
				"id": 117,
				"order": 4,
				"prevSize": 48,
				"code": 58881,
				"name": "estrella"
			},
			"setIdx": 0,
			"iconIdx": 117
		},
		{
			"icon": {
				"paths": [
					"M128 512h179.2v-358.4h409.6v358.4h179.2l-384 384-384-384z"
				],
				"attrs": [],
				"isMulticolor": false,
				"tags": [
					"arrow-bold-down"
				],
				"grid": 20
			},
			"attrs": [],
			"properties": {
				"id": 15,
				"order": 2,
				"prevSize": 20,
				"code": 58882,
				"name": "flech-down"
			},
			"setIdx": 1,
			"iconIdx": 15
		},
		{
			"icon": {
				"paths": [
					"M512 128l384 384h-179.2v358.4h-409.6v-358.4h-179.2l384-384z"
				],
				"attrs": [],
				"isMulticolor": false,
				"tags": [
					"arrow-bold-up"
				],
				"grid": 20
			},
			"attrs": [],
			"properties": {
				"id": 18,
				"order": 1,
				"name": "flech-up",
				"prevSize": 20,
				"code": 58883
			},
			"setIdx": 1,
			"iconIdx": 18
		}
	],
	"height": 1024,
	"metadata": {
		"name": "fuentes_curso"
	},
	"preferences": {
		"showGlyphs": true,
		"showQuickUse": true,
		"showQuickUse2": true,
		"showSVGs": true,
		"fontPref": {
			"prefix": "icon-",
			"metadata": {
				"fontFamily": "fuentes_curso",
				"majorVersion": 1,
				"minorVersion": 0
			},
			"metrics": {
				"emSize": 1024,
				"baseline": 6.25,
				"whitespace": 50
			}
		},
		"imagePref": {
			"prefix": "icon-",
			"png": true,
			"useClassSelector": true,
			"color": 4473924,
			"bgColor": 16777215
		},
		"historySize": 100,
		"showCodes": true,
		"gridSize": 16
	}
}